initial balnce; deposit; after deposit balance;,
0.0; 0.0; 0.0;,
0.0; 50.4; 50.4;,
432.4; 50.5; 482.9;,
0.0; 1.7976931348623157e+308; 1.7976931348623157e+308;